{
    "strings": [
        {
            "id": 1,
            "name": "Guitar",
            "description": "Description of Product 1",
            "price": 7477.00,
            "category": "acoustic",
            "image": "src/data/img/somet.jpg"
        },
        {
            "id": 2,
            "name": "Guitar 2",
            "description": "Description of Product 2",
            "price": 8477.00,
            "category": "acoustic",
            "image": "src/data/img/somet.jpg"
        },
        {
            "id": 3,
            "name": "Guitar 2",
            "description": "Description of Product 3",
            "price": 8477.00,
            "category": "acoustic",
            "image": "src/data/img/somet.jpg"
        },
        {
            "id": 4,
            "image": "src/data/img/somet.jpg",
            "description": "Description of Product 4",
            "name": "Guitar 4",
            "price": 8477.00,
            "category": "acoustic"
        }
    ]
}